event name,date,time,event type,has drink specials
Conner Lee Quartet,2026-05-21,8:00 pm - 10:00 pm,Music,no
Veldt w/ Candy Coffins & the Mystery Plan,2026-05-22,9:00 pm - 11:00 pm,Music,no
Henry Cruz Band with Lady Jane Grey,2026-05-23,9:00 pm - 11:00 pm,Music,no
Goodbye Horses,2026-05-24,8:00 pm - 10:00 pm,Music,no
Industry Night – Come Early or Stay Late!,2026-05-25,4:30 pm,Music; Event,yes
"Salt Creeps, King Teen, and Bobcat",2026-05-25,8:00 pm - 11:00 pm,Music,no
Open Mic with a Live Band,2026-05-26,8:00 pm - 11:00 pm,Music,no
Jupiter 2 with Crumb Catcher,2026-05-27,8:00 pm - 11:00 pm,Music,no
22 Strings,2026-05-28,8:00 pm - 10:00 pm,Music,no
Dapper Conspiracy,2026-05-29,8:00 pm - 11:00 pm,Music,no
Dakota Proctor,2026-05-30,8:00 pm - 11:00 pm,Music,no
Found Footage,2026-05-31,8:00 pm - 11:00 pm,Music,no
Industry Night – Come Early or Stay Late!,2026-06-01,4:30 pm,Music; Event,yes
Open Mic with a Live Band,2026-06-02,8:00 pm - 11:00 pm,Music,no
Vito Dito with Ken Moshesh,2026-06-03,8:00 pm - 10:00 pm,Music,no
First Friday Malort Tasting,2026-06-05,4:30 pm - 9:00 pm,Event,no
Blab School and Ribs,2026-06-05,9:00 pm - 11:00 pm,Music,no
Money Shot,2026-06-06,9:00 pm - 11:00 pm,Music,no
Scott T Smith,2026-06-07,7:00 pm - 9:00 pm,Music,no
Industry Night – Come Early or Stay Late!,2026-06-08,4:30 pm,Music; Event,yes
Open Mic with a Live Band,2026-06-09,8:00 pm - 11:00 pm,Music,no
Modern Medicine with Story Pyramid,2026-06-11,8:00 pm - 11:00 pm,Music,no
Rattletraps,2026-06-12,9:00 pm - 11:00 pm,Music,no
Whoop Album Release Party,2026-06-13,8:00 pm - 11:00 pm,Music,no
Industry Night – Come Early or Stay Late!,2026-06-15,4:30 pm,Music; Event,yes
Open Mic with a Live Band,2026-06-16,8:00 pm - 11:00 pm,Music,no
Persistent Itch,2026-06-18,8:00 pm - 11:00 pm,Music,no
Rae the Band,2026-06-19,8:00 pm - 10:00 pm,Music,no
Wolfpack Polka Party,2026-06-20,7:00 pm - 11:00 pm,Event; Music,no
Industry Night – Come Early or Stay Late!,2026-06-22,4:30 pm,Music; Event,yes
Open Mic with a Live Band,2026-06-23,8:00 pm - 11:00 pm,Music,no
"ever, ending",2026-06-24,9:00 pm - 11:00 pm,Music,no
George Trouble,2026-06-25,9:00 pm - 11:00 pm,Music,no
WeeseFest,2026-06-26,4:30 pm - 11:30 pm,Event; Music,no
WeeseFest,2026-06-27,5:00 pm - 11:30 pm,Event; Music,no
Weesefest,2026-06-28,5:00 pm - 11:30 pm,Event; Music,no
Industry Night – Come Early or Stay Late!,2026-06-29,4:30 pm,Music; Event,yes
Open Mic with a Live Band,2026-06-30,8:00 pm - 11:00 pm,Music,no
Daycrawlers,2026-07-02,8:00 pm - 11:00 pm,Music,no
First Friday Malort tasting,2026-07-03,4:30 pm - 9:00 pm,Event,no
Fusebox with The Dead-Heavy alt Rock Experience,2026-07-03,8:00 pm - 11:00 pm,Music,no
Industry Night – Come Early or Stay Late!,2026-07-06,4:30 pm,Music; Event,yes
Open Mic with a Live Band,2026-07-07,8:00 pm - 11:00 pm,Music,no
"Colton Davies, Ol’ Joey Scrums, The Boulevards",2026-07-09,9:00 pm - 11:00 pm,Music,no
Ben Flournoy,2026-07-10,8:30 pm - 10:30 pm,Music,no
Population III with Skull Servant,2026-07-11,8:00 pm - 10:00 pm,Music,no
Hunter Blalock with Nolan Reid and the Regulators,2026-07-12,6:30 pm - 10:00 pm,Music,no
Industry Night – Come Early or Stay Late!,2026-07-13,4:30 pm,Music; Event,yes
Open Mic with a Live Band,2026-07-14,8:00 pm - 11:00 pm,Music,no
"LauraNicole, Astrocat, Greye",2026-07-15,9:00 pm - 11:00 pm,Music,no
Iris Blue,2026-07-16,8:00 pm - 10:30 pm,Music,no
Burns and the Torchlights,2026-07-17,9:00 pm - 11:00 pm,Music,no
Dan Davis and Danger Hall,2026-07-18,9:00 pm - 11:00 pm,Music,no
"Persimmon with Applefield, Seraphine’s Cleaver, and Marigold",2026-07-19,8:00 pm - 11:00 pm,Music,no
Industry Night – Come Early or Stay Late!,2026-07-20,4:30 pm,Music; Event,yes
Corduroy Cowboy and Kit McKay,2026-07-20,8:00 pm - 10:00 pm,Music,no
Open Mic with a Live Band,2026-07-21,8:00 pm - 11:00 pm,Music,no
Sophie Gault,2026-07-22,8:00 pm - 10:00 pm,Music,no
UniS,2026-07-23,9:00 pm - 11:00 pm,Music,no
Cleophus James,2026-07-24,9:00 pm - 11:00 pm,Music,no
Powell House Band,2026-07-25,8:00 pm - 11:00 pm,Music,no
Industry Night – Come Early or Stay Late!,2026-07-27,4:30 pm,Music; Event,yes
"Scarlett Tantrum, Lady Jane Grey, and Shedonist",2026-07-27,8:00 pm - 11:00 pm,Music,no
Open Mic with a Live Band,2026-07-28,8:00 pm - 11:00 pm,Music,no
Industry Night – Come Early or Stay Late!,2026-08-03,4:30 pm,Music; Event,yes
Open Mic with a Live Band,2026-08-04,8:00 pm - 11:00 pm,Music,no
Ten02,2026-08-05,8:00 pm - 10:00 pm,Music,no
LaureNicole with American Death Cult and Lucy Mayhem,2026-08-06,8:00 pm - 11:00 pm,Music,no
Industry Night – Come Early or Stay Late!,2026-08-10,4:30 pm,Music; Event,yes
Open Mic with a Live Band,2026-08-11,8:00 pm - 11:00 pm,Music,no
Industry Night – Come Early or Stay Late!,2026-08-17,4:30 pm,Music; Event,yes
Open Mic with a Live Band,2026-08-18,8:00 pm - 11:00 pm,Music,no
Tiny City,2026-08-21,9:00 pm - 11:00 pm,Music,no
Industry Night – Come Early or Stay Late!,2026-08-24,4:30 pm,Music; Event,yes
Open Mic with a Live Band,2026-08-25,8:00 pm - 11:00 pm,Music,no
Impossible Creatures,2026-08-28,8:00 pm - 11:00 pm,Music,no
Industry Night – Come Early or Stay Late!,2026-08-31,4:30 pm,Music; Event,yes
Open Mic with a Live Band,2026-09-01,8:00 pm - 11:00 pm,Music,no
Industry Night – Come Early or Stay Late!,2026-09-07,4:30 pm,Music; Event,yes
Open Mic with a Live Band,2026-09-08,8:00 pm - 11:00 pm,Music,no
Industry Night – Come Early or Stay Late!,2026-09-14,4:30 pm,Music; Event,yes
Open Mic with a Live Band,2026-09-15,8:00 pm - 11:00 pm,Music,no
Dead Rat Disco with To What Degree,2026-09-18,8:00 pm - 11:00 pm,Music,no
Industry Night – Come Early or Stay Late!,2026-09-21,4:30 pm,Music; Event,yes
Open Mic with a Live Band,2026-09-22,8:00 pm - 11:00 pm,Music,no
Raleigh Roots & Blues with Rae the Band,2026-09-25,7:30 pm - 10:30 pm,Music,no
American Theory with Half Past Dead,2026-09-26,8:00 pm - 11:00 pm,Music,no
Industry Night – Come Early or Stay Late!,2026-09-28,4:30 pm,Music; Event,yes
Open Mic with a Live Band,2026-09-29,8:00 pm - 11:00 pm,Music,no
Viva DeConcini,2026-10-02,8:00 pm - 11:00 pm,Music,no
Industry Night – Come Early or Stay Late!,2026-10-05,4:30 pm,Music; Event,yes
Open Mic with a Live Band,2026-10-06,8:00 pm - 11:00 pm,Music,no
Industry Night – Come Early or Stay Late!,2026-10-12,4:30 pm,Music; Event,yes
Open Mic with a Live Band,2026-10-13,8:00 pm - 11:00 pm,Music,no
Industry Night – Come Early or Stay Late!,2026-10-19,4:30 pm,Music; Event,yes
Open Mic with a Live Band,2026-10-20,8:00 pm - 11:00 pm,Music,no
Industry Night – Come Early or Stay Late!,2026-10-26,4:30 pm,Music; Event,yes
Open Mic with a Live Band,2026-10-27,8:00 pm - 11:00 pm,Music,no
Industry Night – Come Early or Stay Late!,2026-11-02,4:30 pm,Music; Event,yes
Open Mic with a Live Band,2026-11-03,8:00 pm - 11:00 pm,Music,no
Industry Night – Come Early or Stay Late!,2026-11-09,4:30 pm,Music; Event,yes
Open Mic with a Live Band,2026-11-10,8:00 pm - 11:00 pm,Music,no
Industry Night – Come Early or Stay Late!,2026-11-16,4:30 pm,Music; Event,yes
Open Mic with a Live Band,2026-11-17,8:00 pm - 11:00 pm,Music,no
Industry Night – Come Early or Stay Late!,2026-11-23,4:30 pm,Music; Event,yes
Open Mic with a Live Band,2026-11-24,8:00 pm - 11:00 pm,Music,no
Industry Night – Come Early or Stay Late!,2026-11-30,4:30 pm,Music; Event,yes
Open Mic with a Live Band,2026-12-01,8:00 pm - 11:00 pm,Music,no
Industry Night – Come Early or Stay Late!,2026-12-07,4:30 pm,Music; Event,yes
Open Mic with a Live Band,2026-12-08,8:00 pm - 11:00 pm,Music,no
Industry Night – Come Early or Stay Late!,2026-12-14,4:30 pm,Music; Event,yes
Open Mic with a Live Band,2026-12-15,8:00 pm - 11:00 pm,Music,no
Industry Night – Come Early or Stay Late!,2026-12-21,4:30 pm,Music; Event,yes
Open Mic with a Live Band,2026-12-22,8:00 pm - 11:00 pm,Music,no
Industry Night – Come Early or Stay Late!,2026-12-28,4:30 pm,Music; Event,yes
Open Mic with a Live Band,2026-12-29,8:00 pm - 11:00 pm,Music,no
Industry Night – Come Early or Stay Late!,2027-01-04,4:30 pm,Music; Event,yes
Open Mic with a Live Band,2027-01-05,8:00 pm - 11:00 pm,Music,no
Industry Night – Come Early or Stay Late!,2027-01-11,4:30 pm,Music; Event,yes
Open Mic with a Live Band,2027-01-12,8:00 pm - 11:00 pm,Music,no
Industry Night – Come Early or Stay Late!,2027-01-18,4:30 pm,Music; Event,yes
Open Mic with a Live Band,2027-01-19,8:00 pm - 11:00 pm,Music,no
Industry Night – Come Early or Stay Late!,2027-01-25,4:30 pm,Music; Event,yes
Open Mic with a Live Band,2027-01-26,8:00 pm - 11:00 pm,Music,no
Industry Night – Come Early or Stay Late!,2027-02-01,4:30 pm,Music; Event,yes
Open Mic with a Live Band,2027-02-02,8:00 pm - 11:00 pm,Music,no
Industry Night – Come Early or Stay Late!,2027-02-08,4:30 pm,Music; Event,yes
Open Mic with a Live Band,2027-02-09,8:00 pm - 11:00 pm,Music,no
Industry Night – Come Early or Stay Late!,2027-02-15,4:30 pm,Music; Event,yes
Open Mic with a Live Band,2027-02-16,8:00 pm - 11:00 pm,Music,no
Industry Night – Come Early or Stay Late!,2027-02-22,4:30 pm,Music; Event,yes
Open Mic with a Live Band,2027-02-23,8:00 pm - 11:00 pm,Music,no
Industry Night – Come Early or Stay Late!,2027-03-01,4:30 pm,Music; Event,yes
Open Mic with a Live Band,2027-03-02,8:00 pm - 11:00 pm,Music,no
Industry Night – Come Early or Stay Late!,2027-03-08,4:30 pm,Music; Event,yes
Open Mic with a Live Band,2027-03-09,8:00 pm - 11:00 pm,Music,no
Industry Night – Come Early or Stay Late!,2027-03-15,4:30 pm,Music; Event,yes
Open Mic with a Live Band,2027-03-16,8:00 pm - 11:00 pm,Music,no
Industry Night – Come Early or Stay Late!,2027-03-22,4:30 pm,Music; Event,yes
Open Mic with a Live Band,2027-03-23,8:00 pm - 11:00 pm,Music,no
Industry Night – Come Early or Stay Late!,2027-03-29,4:30 pm,Music; Event,yes
Open Mic with a Live Band,2027-03-30,8:00 pm - 11:00 pm,Music,no
Industry Night – Come Early or Stay Late!,2027-04-05,4:30 pm,Music; Event,yes
Open Mic with a Live Band,2027-04-06,8:00 pm - 11:00 pm,Music,no
Industry Night – Come Early or Stay Late!,2027-04-12,4:30 pm,Music; Event,yes
Open Mic with a Live Band,2027-04-13,8:00 pm - 11:00 pm,Music,no
Industry Night – Come Early or Stay Late!,2027-04-19,4:30 pm,Music; Event,yes
Open Mic with a Live Band,2027-04-20,8:00 pm - 11:00 pm,Music,no
Industry Night – Come Early or Stay Late!,2027-04-26,4:30 pm,Music; Event,yes
Open Mic with a Live Band,2027-04-27,8:00 pm - 11:00 pm,Music,no
Industry Night – Come Early or Stay Late!,2027-05-03,4:30 pm,Music; Event,yes
Open Mic with a Live Band,2027-05-04,8:00 pm - 11:00 pm,Music,no
Industry Night – Come Early or Stay Late!,2027-05-10,4:30 pm,Music; Event,yes
Open Mic with a Live Band,2027-05-11,8:00 pm - 11:00 pm,Music,no
Industry Night – Come Early or Stay Late!,2027-05-17,4:30 pm,Music; Event,yes
Open Mic with a Live Band,2027-05-18,8:00 pm - 11:00 pm,Music,no
Industry Night – Come Early or Stay Late!,2027-05-24,4:30 pm,Music; Event,yes
Open Mic with a Live Band,2027-05-25,8:00 pm - 11:00 pm,Music,no
Industry Night – Come Early or Stay Late!,2027-05-31,4:30 pm,Music; Event,yes
Open Mic with a Live Band,2027-06-01,8:00 pm - 11:00 pm,Music,no
Industry Night – Come Early or Stay Late!,2027-06-07,4:30 pm,Music; Event,yes
Open Mic with a Live Band,2027-06-08,8:00 pm - 11:00 pm,Music,no
Industry Night – Come Early or Stay Late!,2027-06-14,4:30 pm,Music; Event,yes
Open Mic with a Live Band,2027-06-15,8:00 pm - 11:00 pm,Music,no
Industry Night – Come Early or Stay Late!,2027-06-21,4:30 pm,Music; Event,yes
Open Mic with a Live Band,2027-06-22,8:00 pm - 11:00 pm,Music,no
Industry Night – Come Early or Stay Late!,2027-06-28,4:30 pm,Music; Event,yes
Open Mic with a Live Band,2027-06-29,8:00 pm - 11:00 pm,Music,no
Industry Night – Come Early or Stay Late!,2027-07-05,4:30 pm,Music; Event,yes
Open Mic with a Live Band,2027-07-06,8:00 pm - 11:00 pm,Music,no
Industry Night – Come Early or Stay Late!,2027-07-12,4:30 pm,Music; Event,yes
Open Mic with a Live Band,2027-07-13,8:00 pm - 11:00 pm,Music,no
Industry Night – Come Early or Stay Late!,2027-07-19,4:30 pm,Music; Event,yes
Open Mic with a Live Band,2027-07-20,8:00 pm - 11:00 pm,Music,no
Industry Night – Come Early or Stay Late!,2027-07-26,4:30 pm,Music; Event,yes
Open Mic with a Live Band,2027-07-27,8:00 pm - 11:00 pm,Music,no
Industry Night – Come Early or Stay Late!,2027-08-02,4:30 pm,Music; Event,yes
Open Mic with a Live Band,2027-08-03,8:00 pm - 11:00 pm,Music,no
Industry Night – Come Early or Stay Late!,2027-08-09,4:30 pm,Music; Event,yes
Open Mic with a Live Band,2027-08-10,8:00 pm - 11:00 pm,Music,no
Industry Night – Come Early or Stay Late!,2027-08-16,4:30 pm,Music; Event,yes
Open Mic with a Live Band,2027-08-17,8:00 pm - 11:00 pm,Music,no
Industry Night – Come Early or Stay Late!,2027-08-23,4:30 pm,Music; Event,yes
Open Mic with a Live Band,2027-08-24,8:00 pm - 11:00 pm,Music,no
Industry Night – Come Early or Stay Late!,2027-08-30,4:30 pm,Music; Event,yes
Open Mic with a Live Band,2027-08-31,8:00 pm - 11:00 pm,Music,no
Industry Night – Come Early or Stay Late!,2027-09-06,4:30 pm,Music; Event,yes
Open Mic with a Live Band,2027-09-07,8:00 pm - 11:00 pm,Music,no
Industry Night – Come Early or Stay Late!,2027-09-13,4:30 pm,Music; Event,yes
Open Mic with a Live Band,2027-09-14,8:00 pm - 11:00 pm,Music,no
Industry Night – Come Early or Stay Late!,2027-09-20,4:30 pm,Music; Event,yes
Open Mic with a Live Band,2027-09-21,8:00 pm - 11:00 pm,Music,no
Industry Night – Come Early or Stay Late!,2027-09-27,4:30 pm,Music; Event,yes
Open Mic with a Live Band,2027-09-28,8:00 pm - 11:00 pm,Music,no
Industry Night – Come Early or Stay Late!,2027-10-04,4:30 pm,Music; Event,yes
Open Mic with a Live Band,2027-10-05,8:00 pm - 11:00 pm,Music,no
Industry Night – Come Early or Stay Late!,2027-10-11,4:30 pm,Music; Event,yes
Open Mic with a Live Band,2027-10-12,8:00 pm - 11:00 pm,Music,no
Industry Night – Come Early or Stay Late!,2027-10-18,4:30 pm,Music; Event,yes
Open Mic with a Live Band,2027-10-19,8:00 pm - 11:00 pm,Music,no
Industry Night – Come Early or Stay Late!,2027-10-25,4:30 pm,Music; Event,yes
Open Mic with a Live Band,2027-10-26,8:00 pm - 11:00 pm,Music,no
Industry Night – Come Early or Stay Late!,2027-11-01,4:30 pm,Music; Event,yes
Open Mic with a Live Band,2027-11-02,8:00 pm - 11:00 pm,Music,no
Industry Night – Come Early or Stay Late!,2027-11-08,4:30 pm,Music; Event,yes
Open Mic with a Live Band,2027-11-09,8:00 pm - 11:00 pm,Music,no
Industry Night – Come Early or Stay Late!,2027-11-15,4:30 pm,Music; Event,yes
Open Mic with a Live Band,2027-11-16,8:00 pm - 11:00 pm,Music,no
Industry Night – Come Early or Stay Late!,2027-11-22,4:30 pm,Music; Event,yes
Open Mic with a Live Band,2027-11-23,8:00 pm - 11:00 pm,Music,no
Industry Night – Come Early or Stay Late!,2027-11-29,4:30 pm,Music; Event,yes
Open Mic with a Live Band,2027-11-30,8:00 pm - 11:00 pm,Music,no
Industry Night – Come Early or Stay Late!,2027-12-06,4:30 pm,Music; Event,yes
Open Mic with a Live Band,2027-12-07,8:00 pm - 11:00 pm,Music,no
Industry Night – Come Early or Stay Late!,2027-12-13,4:30 pm,Music; Event,yes
Open Mic with a Live Band,2027-12-14,8:00 pm - 11:00 pm,Music,no
Industry Night – Come Early or Stay Late!,2027-12-20,4:30 pm,Music; Event,yes
Open Mic with a Live Band,2027-12-21,8:00 pm - 11:00 pm,Music,no
Industry Night – Come Early or Stay Late!,2027-12-27,4:30 pm,Music; Event,yes
Open Mic with a Live Band,2027-12-28,8:00 pm - 11:00 pm,Music,no
Industry Night – Come Early or Stay Late!,2028-01-03,4:30 pm,Music; Event,yes
Open Mic with a Live Band,2028-01-04,8:00 pm - 11:00 pm,Music,no
Industry Night – Come Early or Stay Late!,2028-01-10,4:30 pm,Music; Event,yes
Open Mic with a Live Band,2028-01-11,8:00 pm - 11:00 pm,Music,no
Industry Night – Come Early or Stay Late!,2028-01-17,4:30 pm,Music; Event,yes
Open Mic with a Live Band,2028-01-18,8:00 pm - 11:00 pm,Music,no
Industry Night – Come Early or Stay Late!,2028-01-24,4:30 pm,Music; Event,yes
Open Mic with a Live Band,2028-01-25,8:00 pm - 11:00 pm,Music,no
Industry Night – Come Early or Stay Late!,2028-01-31,4:30 pm,Music; Event,yes
Open Mic with a Live Band,2028-02-01,8:00 pm - 11:00 pm,Music,no
Industry Night – Come Early or Stay Late!,2028-02-07,4:30 pm,Music; Event,yes
Open Mic with a Live Band,2028-02-08,8:00 pm - 11:00 pm,Music,no
Industry Night – Come Early or Stay Late!,2028-02-14,4:30 pm,Music; Event,yes
Open Mic with a Live Band,2028-02-15,8:00 pm - 11:00 pm,Music,no
Industry Night – Come Early or Stay Late!,2028-02-21,4:30 pm,Music; Event,yes
Open Mic with a Live Band,2028-02-22,8:00 pm - 11:00 pm,Music,no
Industry Night – Come Early or Stay Late!,2028-02-28,4:30 pm,Music; Event,yes
Open Mic with a Live Band,2028-02-29,8:00 pm - 11:00 pm,Music,no
Industry Night – Come Early or Stay Late!,2028-03-06,4:30 pm,Music; Event,yes
Open Mic with a Live Band,2028-03-07,8:00 pm - 11:00 pm,Music,no
Industry Night – Come Early or Stay Late!,2028-03-13,4:30 pm,Music; Event,yes
Open Mic with a Live Band,2028-03-14,8:00 pm - 11:00 pm,Music,no
Industry Night – Come Early or Stay Late!,2028-03-20,4:30 pm,Music; Event,yes
Open Mic with a Live Band,2028-03-21,8:00 pm - 11:00 pm,Music,no
Industry Night – Come Early or Stay Late!,2028-03-27,4:30 pm,Music; Event,yes
Open Mic with a Live Band,2028-03-28,8:00 pm - 11:00 pm,Music,no
Industry Night – Come Early or Stay Late!,2028-04-03,4:30 pm,Music; Event,yes
Open Mic with a Live Band,2028-04-04,8:00 pm - 11:00 pm,Music,no
Industry Night – Come Early or Stay Late!,2028-04-10,4:30 pm,Music; Event,yes
Open Mic with a Live Band,2028-04-11,8:00 pm - 11:00 pm,Music,no
Industry Night – Come Early or Stay Late!,2028-04-17,4:30 pm,Music; Event,yes
Open Mic with a Live Band,2028-04-18,8:00 pm - 11:00 pm,Music,no
Industry Night – Come Early or Stay Late!,2028-04-24,4:30 pm,Music; Event,yes
Open Mic with a Live Band,2028-04-25,8:00 pm - 11:00 pm,Music,no
Industry Night – Come Early or Stay Late!,2028-05-01,4:30 pm,Music; Event,yes
Open Mic with a Live Band,2028-05-02,8:00 pm - 11:00 pm,Music,no
Industry Night – Come Early or Stay Late!,2028-05-08,4:30 pm,Music; Event,yes
Open Mic with a Live Band,2028-05-09,8:00 pm - 11:00 pm,Music,no
Industry Night – Come Early or Stay Late!,2028-05-15,4:30 pm,Music; Event,yes
Open Mic with a Live Band,2028-05-16,8:00 pm - 11:00 pm,Music,no
Industry Night – Come Early or Stay Late!,2028-05-22,4:30 pm,Music; Event,yes
Open Mic with a Live Band,2028-05-23,8:00 pm - 11:00 pm,Music,no
Industry Night – Come Early or Stay Late!,2028-05-29,4:30 pm,Music; Event,yes
Open Mic with a Live Band,2028-05-30,8:00 pm - 11:00 pm,Music,no
Industry Night – Come Early or Stay Late!,2028-06-05,4:30 pm,Music; Event,yes
Open Mic with a Live Band,2028-06-06,8:00 pm - 11:00 pm,Music,no
Industry Night – Come Early or Stay Late!,2028-06-12,4:30 pm,Music; Event,yes
Open Mic with a Live Band,2028-06-13,8:00 pm - 11:00 pm,Music,no
Industry Night – Come Early or Stay Late!,2028-06-19,4:30 pm,Music; Event,yes
Open Mic with a Live Band,2028-06-20,8:00 pm - 11:00 pm,Music,no
Industry Night – Come Early or Stay Late!,2028-06-26,4:30 pm,Music; Event,yes
Open Mic with a Live Band,2028-06-27,8:00 pm - 11:00 pm,Music,no
Industry Night – Come Early or Stay Late!,2028-07-03,4:30 pm,Music; Event,yes
Open Mic with a Live Band,2028-07-04,8:00 pm - 11:00 pm,Music,no
Industry Night – Come Early or Stay Late!,2028-07-10,4:30 pm,Music; Event,yes
Open Mic with a Live Band,2028-07-11,8:00 pm - 11:00 pm,Music,no
Industry Night – Come Early or Stay Late!,2028-07-17,4:30 pm,Music; Event,yes
Open Mic with a Live Band,2028-07-18,8:00 pm - 11:00 pm,Music,no
Industry Night – Come Early or Stay Late!,2028-07-24,4:30 pm,Music; Event,yes
Open Mic with a Live Band,2028-07-25,8:00 pm - 11:00 pm,Music,no
Industry Night – Come Early or Stay Late!,2028-07-31,4:30 pm,Music; Event,yes
Open Mic with a Live Band,2028-08-01,8:00 pm - 11:00 pm,Music,no
Industry Night – Come Early or Stay Late!,2028-08-07,4:30 pm,Music; Event,yes
Open Mic with a Live Band,2028-08-08,8:00 pm - 11:00 pm,Music,no
Industry Night – Come Early or Stay Late!,2028-08-14,4:30 pm,Music; Event,yes
Open Mic with a Live Band,2028-08-15,8:00 pm - 11:00 pm,Music,no
Industry Night – Come Early or Stay Late!,2028-08-21,4:30 pm,Music; Event,yes
Open Mic with a Live Band,2028-08-22,8:00 pm - 11:00 pm,Music,no
Industry Night – Come Early or Stay Late!,2028-08-28,4:30 pm,Music; Event,yes
Open Mic with a Live Band,2028-08-29,8:00 pm - 11:00 pm,Music,no
Industry Night – Come Early or Stay Late!,2028-09-04,4:30 pm,Music; Event,yes
Open Mic with a Live Band,2028-09-05,8:00 pm - 11:00 pm,Music,no
Industry Night – Come Early or Stay Late!,2028-09-11,4:30 pm,Music; Event,yes
Open Mic with a Live Band,2028-09-12,8:00 pm - 11:00 pm,Music,no
Industry Night – Come Early or Stay Late!,2028-09-18,4:30 pm,Music; Event,yes
Open Mic with a Live Band,2028-09-19,8:00 pm - 11:00 pm,Music,no
Industry Night – Come Early or Stay Late!,2028-09-25,4:30 pm,Music; Event,yes
Open Mic with a Live Band,2028-09-26,8:00 pm - 11:00 pm,Music,no
Industry Night – Come Early or Stay Late!,2028-10-02,4:30 pm,Music; Event,yes
Open Mic with a Live Band,2028-10-03,8:00 pm - 11:00 pm,Music,no
Industry Night – Come Early or Stay Late!,2028-10-09,4:30 pm,Music; Event,yes
Open Mic with a Live Band,2028-10-10,8:00 pm - 11:00 pm,Music,no
Industry Night – Come Early or Stay Late!,2028-10-16,4:30 pm,Music; Event,yes
Open Mic with a Live Band,2028-10-17,8:00 pm - 11:00 pm,Music,no
Industry Night – Come Early or Stay Late!,2028-10-23,4:30 pm,Music; Event,yes
Open Mic with a Live Band,2028-10-24,8:00 pm - 11:00 pm,Music,no
Industry Night – Come Early or Stay Late!,2028-10-30,4:30 pm,Music; Event,yes
Open Mic with a Live Band,2028-10-31,8:00 pm - 11:00 pm,Music,no
Industry Night – Come Early or Stay Late!,2028-11-06,4:30 pm,Music; Event,yes
Open Mic with a Live Band,2028-11-07,8:00 pm - 11:00 pm,Music,no
Industry Night – Come Early or Stay Late!,2028-11-13,4:30 pm,Music; Event,yes
Open Mic with a Live Band,2028-11-14,8:00 pm - 11:00 pm,Music,no
Industry Night – Come Early or Stay Late!,2028-11-20,4:30 pm,Music; Event,yes
Open Mic with a Live Band,2028-11-21,8:00 pm - 11:00 pm,Music,no
Industry Night – Come Early or Stay Late!,2028-11-27,4:30 pm,Music; Event,yes
Open Mic with a Live Band,2028-11-28,8:00 pm - 11:00 pm,Music,no
Industry Night – Come Early or Stay Late!,2028-12-04,4:30 pm,Music; Event,yes
Open Mic with a Live Band,2028-12-05,8:00 pm - 11:00 pm,Music,no
Industry Night – Come Early or Stay Late!,2028-12-11,4:30 pm,Music; Event,yes
Open Mic with a Live Band,2028-12-12,8:00 pm - 11:00 pm,Music,no
Industry Night – Come Early or Stay Late!,2028-12-18,4:30 pm,Music; Event,yes
Open Mic with a Live Band,2028-12-19,8:00 pm - 11:00 pm,Music,no
Industry Night – Come Early or Stay Late!,2028-12-25,4:30 pm,Music; Event,yes
Open Mic with a Live Band,2028-12-26,8:00 pm - 11:00 pm,Music,no
Industry Night – Come Early or Stay Late!,2029-01-01,4:30 pm,Music; Event,yes
Open Mic with a Live Band,2029-01-02,8:00 pm - 11:00 pm,Music,no
Industry Night – Come Early or Stay Late!,2029-01-08,4:30 pm,Music; Event,yes
Open Mic with a Live Band,2029-01-09,8:00 pm - 11:00 pm,Music,no
Industry Night – Come Early or Stay Late!,2029-01-15,4:30 pm,Music; Event,yes
Open Mic with a Live Band,2029-01-16,8:00 pm - 11:00 pm,Music,no
Industry Night – Come Early or Stay Late!,2029-01-22,4:30 pm,Music; Event,yes
Open Mic with a Live Band,2029-01-23,8:00 pm - 11:00 pm,Music,no
Industry Night – Come Early or Stay Late!,2029-01-29,4:30 pm,Music; Event,yes
Open Mic with a Live Band,2029-01-30,8:00 pm - 11:00 pm,Music,no
Industry Night – Come Early or Stay Late!,2029-02-05,4:30 pm,Music; Event,yes
Open Mic with a Live Band,2029-02-06,8:00 pm - 11:00 pm,Music,no
Industry Night – Come Early or Stay Late!,2029-02-12,4:30 pm,Music; Event,yes
Open Mic with a Live Band,2029-02-13,8:00 pm - 11:00 pm,Music,no
Industry Night – Come Early or Stay Late!,2029-02-19,4:30 pm,Music; Event,yes
Open Mic with a Live Band,2029-02-20,8:00 pm - 11:00 pm,Music,no
Industry Night – Come Early or Stay Late!,2029-02-26,4:30 pm,Music; Event,yes
Open Mic with a Live Band,2029-02-27,8:00 pm - 11:00 pm,Music,no
Industry Night – Come Early or Stay Late!,2029-03-05,4:30 pm,Music; Event,yes
Open Mic with a Live Band,2029-03-06,8:00 pm - 11:00 pm,Music,no
Industry Night – Come Early or Stay Late!,2029-03-12,4:30 pm,Music; Event,yes
Open Mic with a Live Band,2029-03-13,8:00 pm - 11:00 pm,Music,no
Industry Night – Come Early or Stay Late!,2029-03-19,4:30 pm,Music; Event,yes
Open Mic with a Live Band,2029-03-20,8:00 pm - 11:00 pm,Music,no
Industry Night – Come Early or Stay Late!,2029-03-26,4:30 pm,Music; Event,yes
Open Mic with a Live Band,2029-03-27,8:00 pm - 11:00 pm,Music,no
Industry Night – Come Early or Stay Late!,2029-04-02,4:30 pm,Music; Event,yes
Open Mic with a Live Band,2029-04-03,8:00 pm - 11:00 pm,Music,no
Industry Night – Come Early or Stay Late!,2029-04-09,4:30 pm,Music; Event,yes
Open Mic with a Live Band,2029-04-10,8:00 pm - 11:00 pm,Music,no
Industry Night – Come Early or Stay Late!,2029-04-16,4:30 pm,Music; Event,yes
Open Mic with a Live Band,2029-04-17,8:00 pm - 11:00 pm,Music,no
Industry Night – Come Early or Stay Late!,2029-04-23,4:30 pm,Music; Event,yes
Open Mic with a Live Band,2029-04-24,8:00 pm - 11:00 pm,Music,no
Industry Night – Come Early or Stay Late!,2029-04-30,4:30 pm,Music; Event,yes
Open Mic with a Live Band,2029-05-01,8:00 pm - 11:00 pm,Music,no
Industry Night – Come Early or Stay Late!,2029-05-07,4:30 pm,Music; Event,yes
Open Mic with a Live Band,2029-05-08,8:00 pm - 11:00 pm,Music,no
Industry Night – Come Early or Stay Late!,2029-05-14,4:30 pm,Music; Event,yes
Open Mic with a Live Band,2029-05-15,8:00 pm - 11:00 pm,Music,no
Industry Night – Come Early or Stay Late!,2029-05-21,4:30 pm,Music; Event,yes
Open Mic with a Live Band,2029-05-22,8:00 pm - 11:00 pm,Music,no
Industry Night – Come Early or Stay Late!,2029-05-28,4:30 pm,Music; Event,yes
Open Mic with a Live Band,2029-05-29,8:00 pm - 11:00 pm,Music,no
Industry Night – Come Early or Stay Late!,2029-06-04,4:30 pm,Music; Event,yes
Open Mic with a Live Band,2029-06-05,8:00 pm - 11:00 pm,Music,no
Industry Night – Come Early or Stay Late!,2029-06-11,4:30 pm,Music; Event,yes
Open Mic with a Live Band,2029-06-12,8:00 pm - 11:00 pm,Music,no
Industry Night – Come Early or Stay Late!,2029-06-18,4:30 pm,Music; Event,yes
Open Mic with a Live Band,2029-06-19,8:00 pm - 11:00 pm,Music,no
Industry Night – Come Early or Stay Late!,2029-06-25,4:30 pm,Music; Event,yes
Open Mic with a Live Band,2029-06-26,8:00 pm - 11:00 pm,Music,no
Industry Night – Come Early or Stay Late!,2029-07-02,4:30 pm,Music; Event,yes
Open Mic with a Live Band,2029-07-03,8:00 pm - 11:00 pm,Music,no
Industry Night – Come Early or Stay Late!,2029-07-09,4:30 pm,Music; Event,yes
Open Mic with a Live Band,2029-07-10,8:00 pm - 11:00 pm,Music,no
Industry Night – Come Early or Stay Late!,2029-07-16,4:30 pm,Music; Event,yes
Open Mic with a Live Band,2029-07-17,8:00 pm - 11:00 pm,Music,no
Industry Night – Come Early or Stay Late!,2029-07-23,4:30 pm,Music; Event,yes
Open Mic with a Live Band,2029-07-24,8:00 pm - 11:00 pm,Music,no
Industry Night – Come Early or Stay Late!,2029-07-30,4:30 pm,Music; Event,yes
Open Mic with a Live Band,2029-07-31,8:00 pm - 11:00 pm,Music,no
Industry Night – Come Early or Stay Late!,2029-08-06,4:30 pm,Music; Event,yes
Open Mic with a Live Band,2029-08-07,8:00 pm - 11:00 pm,Music,no
Industry Night – Come Early or Stay Late!,2029-08-13,4:30 pm,Music; Event,yes
Open Mic with a Live Band,2029-08-14,8:00 pm - 11:00 pm,Music,no
Industry Night – Come Early or Stay Late!,2029-08-20,4:30 pm,Music; Event,yes
Open Mic with a Live Band,2029-08-21,8:00 pm - 11:00 pm,Music,no
Industry Night – Come Early or Stay Late!,2029-08-27,4:30 pm,Music; Event,yes
Open Mic with a Live Band,2029-08-28,8:00 pm - 11:00 pm,Music,no
Industry Night – Come Early or Stay Late!,2029-09-03,4:30 pm,Music; Event,yes
Open Mic with a Live Band,2029-09-04,8:00 pm - 11:00 pm,Music,no
Industry Night – Come Early or Stay Late!,2029-09-10,4:30 pm,Music; Event,yes
Open Mic with a Live Band,2029-09-11,8:00 pm - 11:00 pm,Music,no
Industry Night – Come Early or Stay Late!,2029-09-17,4:30 pm,Music; Event,yes
Open Mic with a Live Band,2029-09-18,8:00 pm - 11:00 pm,Music,no
Industry Night – Come Early or Stay Late!,2029-09-24,4:30 pm,Music; Event,yes
Open Mic with a Live Band,2029-09-25,8:00 pm - 11:00 pm,Music,no
Industry Night – Come Early or Stay Late!,2029-10-01,4:30 pm,Music; Event,yes
Open Mic with a Live Band,2029-10-02,8:00 pm - 11:00 pm,Music,no
Industry Night – Come Early or Stay Late!,2029-10-08,4:30 pm,Music; Event,yes
Open Mic with a Live Band,2029-10-09,8:00 pm - 11:00 pm,Music,no
Industry Night – Come Early or Stay Late!,2029-10-15,4:30 pm,Music; Event,yes
Open Mic with a Live Band,2029-10-16,8:00 pm - 11:00 pm,Music,no
Industry Night – Come Early or Stay Late!,2029-10-22,4:30 pm,Music; Event,yes
Open Mic with a Live Band,2029-10-23,8:00 pm - 11:00 pm,Music,no
Industry Night – Come Early or Stay Late!,2029-10-29,4:30 pm,Music; Event,yes
Open Mic with a Live Band,2029-10-30,8:00 pm - 11:00 pm,Music,no
Industry Night – Come Early or Stay Late!,2029-11-05,4:30 pm,Music; Event,yes
Open Mic with a Live Band,2029-11-06,8:00 pm - 11:00 pm,Music,no
Industry Night – Come Early or Stay Late!,2029-11-12,4:30 pm,Music; Event,yes
Open Mic with a Live Band,2029-11-13,8:00 pm - 11:00 pm,Music,no
Industry Night – Come Early or Stay Late!,2029-11-19,4:30 pm,Music; Event,yes
Open Mic with a Live Band,2029-11-20,8:00 pm - 11:00 pm,Music,no
Industry Night – Come Early or Stay Late!,2029-11-26,4:30 pm,Music; Event,yes
Open Mic with a Live Band,2029-11-27,8:00 pm - 11:00 pm,Music,no
Industry Night – Come Early or Stay Late!,2029-12-03,4:30 pm,Music; Event,yes
Open Mic with a Live Band,2029-12-04,8:00 pm - 11:00 pm,Music,no
Industry Night – Come Early or Stay Late!,2029-12-10,4:30 pm,Music; Event,yes
Open Mic with a Live Band,2029-12-11,8:00 pm - 11:00 pm,Music,no
Industry Night – Come Early or Stay Late!,2029-12-17,4:30 pm,Music; Event,yes
Open Mic with a Live Band,2029-12-18,8:00 pm - 11:00 pm,Music,no
Industry Night – Come Early or Stay Late!,2029-12-24,4:30 pm,Music; Event,yes
Open Mic with a Live Band,2029-12-25,8:00 pm - 11:00 pm,Music,no
Industry Night – Come Early or Stay Late!,2029-12-31,4:30 pm,Music; Event,yes
Open Mic with a Live Band,2030-01-01,8:00 pm - 11:00 pm,Music,no
Industry Night – Come Early or Stay Late!,2030-01-07,4:30 pm,Music; Event,yes
Open Mic with a Live Band,2030-01-08,8:00 pm - 11:00 pm,Music,no
Industry Night – Come Early or Stay Late!,2030-01-14,4:30 pm,Music; Event,yes
Open Mic with a Live Band,2030-01-15,8:00 pm - 11:00 pm,Music,no
Industry Night – Come Early or Stay Late!,2030-01-21,4:30 pm,Music; Event,yes
Open Mic with a Live Band,2030-01-22,8:00 pm - 11:00 pm,Music,no
Industry Night – Come Early or Stay Late!,2030-01-28,4:30 pm,Music; Event,yes
Open Mic with a Live Band,2030-01-29,8:00 pm - 11:00 pm,Music,no
Industry Night – Come Early or Stay Late!,2030-02-04,4:30 pm,Music; Event,yes
Open Mic with a Live Band,2030-02-05,8:00 pm - 11:00 pm,Music,no
Industry Night – Come Early or Stay Late!,2030-02-11,4:30 pm,Music; Event,yes
Open Mic with a Live Band,2030-02-12,8:00 pm - 11:00 pm,Music,no
Industry Night – Come Early or Stay Late!,2030-02-18,4:30 pm,Music; Event,yes
Open Mic with a Live Band,2030-02-19,8:00 pm - 11:00 pm,Music,no
Industry Night – Come Early or Stay Late!,2030-02-25,4:30 pm,Music; Event,yes
Open Mic with a Live Band,2030-02-26,8:00 pm - 11:00 pm,Music,no
Industry Night – Come Early or Stay Late!,2030-03-04,4:30 pm,Music; Event,yes
Open Mic with a Live Band,2030-03-05,8:00 pm - 11:00 pm,Music,no
Industry Night – Come Early or Stay Late!,2030-03-11,4:30 pm,Music; Event,yes
Open Mic with a Live Band,2030-03-12,8:00 pm - 11:00 pm,Music,no
Industry Night – Come Early or Stay Late!,2030-03-18,4:30 pm,Music; Event,yes
Open Mic with a Live Band,2030-03-19,8:00 pm - 11:00 pm,Music,no
Industry Night – Come Early or Stay Late!,2030-03-25,4:30 pm,Music; Event,yes
Open Mic with a Live Band,2030-03-26,8:00 pm - 11:00 pm,Music,no
Industry Night – Come Early or Stay Late!,2030-04-01,4:30 pm,Music; Event,yes
Open Mic with a Live Band,2030-04-02,8:00 pm - 11:00 pm,Music,no
Industry Night – Come Early or Stay Late!,2030-04-08,4:30 pm,Music; Event,yes
Open Mic with a Live Band,2030-04-09,8:00 pm - 11:00 pm,Music,no
Industry Night – Come Early or Stay Late!,2030-04-15,4:30 pm,Music; Event,yes
Open Mic with a Live Band,2030-04-16,8:00 pm - 11:00 pm,Music,no
Industry Night – Come Early or Stay Late!,2030-04-22,4:30 pm,Music; Event,yes
Open Mic with a Live Band,2030-04-23,8:00 pm - 11:00 pm,Music,no
Industry Night – Come Early or Stay Late!,2030-04-29,4:30 pm,Music; Event,yes
Open Mic with a Live Band,2030-04-30,8:00 pm - 11:00 pm,Music,no
Industry Night – Come Early or Stay Late!,2030-05-06,4:30 pm,Music; Event,yes
Open Mic with a Live Band,2030-05-07,8:00 pm - 11:00 pm,Music,no
Industry Night – Come Early or Stay Late!,2030-05-13,4:30 pm,Music; Event,yes
Open Mic with a Live Band,2030-05-14,8:00 pm - 11:00 pm,Music,no
Industry Night – Come Early or Stay Late!,2030-05-20,4:30 pm,Music; Event,yes
Open Mic with a Live Band,2030-05-21,8:00 pm - 11:00 pm,Music,no
Industry Night – Come Early or Stay Late!,2030-05-27,4:30 pm,Music; Event,yes
Open Mic with a Live Band,2030-05-28,8:00 pm - 11:00 pm,Music,no
Industry Night – Come Early or Stay Late!,2030-06-03,4:30 pm,Music; Event,yes
Open Mic with a Live Band,2030-06-04,8:00 pm - 11:00 pm,Music,no
Industry Night – Come Early or Stay Late!,2030-06-10,4:30 pm,Music; Event,yes
Open Mic with a Live Band,2030-06-11,8:00 pm - 11:00 pm,Music,no
Industry Night – Come Early or Stay Late!,2030-06-17,4:30 pm,Music; Event,yes
Open Mic with a Live Band,2030-06-18,8:00 pm - 11:00 pm,Music,no
Industry Night – Come Early or Stay Late!,2030-06-24,4:30 pm,Music; Event,yes
Open Mic with a Live Band,2030-06-25,8:00 pm - 11:00 pm,Music,no
Industry Night – Come Early or Stay Late!,2030-07-01,4:30 pm,Music; Event,yes
Open Mic with a Live Band,2030-07-02,8:00 pm - 11:00 pm,Music,no
Industry Night – Come Early or Stay Late!,2030-07-08,4:30 pm,Music; Event,yes
Open Mic with a Live Band,2030-07-09,8:00 pm - 11:00 pm,Music,no
Industry Night – Come Early or Stay Late!,2030-07-15,4:30 pm,Music; Event,yes
Open Mic with a Live Band,2030-07-16,8:00 pm - 11:00 pm,Music,no
